species,JENKINS_SPGRPCD,type,WDSG
6945,8,H,0.65
6946,8,H,0.65
6961,8,H,0.52
6965,8,H,0.48216
6966,10,H,0.52
868,8,H,0.52
523,10,H,0.52
997,8,H,0.52
6973,8,H,0.48
6975,8,H,0.48
6976,8,H,0.48
6979,8,H,0.48
6980,8,H,0.48
6992,8,H,0.5
6996,8,H,0.52
6994,8,H,0.64575
6998,8,H,0.52
7000,8,H,0.52
7004,8,H,0.52
7005,8,H,0.52
7006,8,H,0.52
7007,8,H,0.52
7008,8,H,0.52
7011,8,H,0.52
7012,8,H,0.258
7014,8,H,0.23
7015,8,H,0.52
7019,8,H,0.52
7021,8,H,0.52
7022,8,H,0.52
7024,8,H,0.52
7025,8,H,0.639
7026,8,H,0.80539
512,8,H,0.52
7028,8,H,0.657
7030,8,H,0.52
7035,8,H,0.52
7031,8,H,0.9063
7032,8,H,0.92578
7033,8,H,0.609
7034,8,H,0.52
511,8,H,0.52
7038,8,H,0.86788
7039,8,H,0.73835
513,8,H,0.52
7041,8,H,0.82656
7036,8,H,0.52
7043,8,H,0.52
7044,8,H,0.70602
7045,8,H,0.82843
7046,8,H,0.52
7047,8,H,0.73051
7040,8,H,0.52
7048,8,H,0.93849
7049,8,H,0.52
514,8,H,0.52
7051,8,H,0.52
7052,8,H,0.82656
7053,8,H,0.52
7054,8,H,0.52
7056,8,H,0.82732
7057,8,H,0.59927
7059,8,H,0.73
7060,8,H,0.52
7061,8,H,0.52
7062,8,H,0.52
7063,8,H,0.52
7065,8,H,0.73
7066,8,H,0.52
7067,8,H,0.52
7069,8,H,0.52
7071,8,H,0.52
7072,8,H,0.52
7075,8,H,0.52
7076,8,H,0.52
7078,8,H,0.73
7079,8,H,0.73
7081,8,H,0.52
7082,8,H,0.73
7084,8,H,0.52
7087,8,H,0.73
7088,8,H,0.73
7089,8,H,0.52
7090,8,H,0.52
7091,8,H,0.73
310,7,H,0.47
6063,8,H,0.53813
6130,8,H,0.5
6145,8,H,0.62423
915,8,H,0.52
6199,8,H,0.56
370,7,H,0.51
420,8,H,0.4
855,8,H,0.52
50,1,S,0.41
6881,8,H,0.5
6887,8,H,0.20664
6942,8,H,0.71463
7120,8,H,0.5
7171,8,H,0.4
7350,8,H,0.19
7390,8,H,0.48302
7494,8,H,0.26
7659,8,H,0.5166
7900,8,H,0.54
7961,8,H,0.66286
8007,8,H,0.75
90,5,S,0.36
8180,8,H,0.9
8238,8,H,0.57
8294,8,H,0.48
8306,8,H,0.737
8678,8,H,0.52
8775,8,H,0.41
8905,8,H,0.55655
8915,8,H,0.593
6077,8,H,0.36851
6178,8,H,0.484
6215,8,H,0.5
6316,8,H,0.52
6345,8,H,0.56826
6398,8,H,0.5
6470,8,H,0.54
6478,8,H,0.44
7221,8,H,0.72864
7362,8,H,0.65
7367,8,H,0.28
7376,8,H,0.61
7566,8,H,0.6
7576,8,H,0.56826
650,8,H,0.43
7671,8,H,0.87
7800,8,H,0.48
7852,8,H,0.49
7876,8,H,0.5
8024,8,H,0.37
8112,8,H,0.602
8247,8,H,0.68705
8272,8,H,0.5
8418,8,H,0.48
8468,8,H,0.46666
8622,8,H,0.52
8657,8,H,0.52
8653,8,H,0.35
8823,8,H,0.34
10,3,S,0.36
6166,8,H,0.62
6592,8,H,0.35
6745,8,H,0.5
510,8,H,0.52
7143,8,H,0.74
7193,8,H,0.48216
7227,8,H,0.66297
7411,8,H,0.4262
7467,8,H,0.52
7604,8,H,0.52
660,8,H,0.61
7767,8,H,0.32
7986,8,H,0.46
100,4,S,0.43
8215,8,H,0.30135
8337,8,H,0.48
760,8,H,0.47
8510,8,H,0.429
8804,8,H,0.61
8811,8,H,0.52
8870,8,H,0.48216
6189,8,H,0.68
6223,8,H,0.46925
6239,8,H,0.32
6377,8,H,0.49
400,9,H,0.62
6518,8,H,0.5
6563,8,H,0.47
6595,8,H,0.58
6628,8,H,0.5
6652,8,H,0.56
6681,8,H,0.48
6709,8,H,0.69
500,8,H,0.52
6783,8,H,0.5756
6971,8,H,0.58
7145,8,H,0.43
7373,8,H,0.65
57,1,S,0.45
7623,8,H,0.33
7641,8,H,0.49
7655,8,H,0.64543
7709,8,H,0.6672
7716,8,H,0.42
7882,8,H,0.65
8465,8,H,0.77921
8610,8,H,0.48302
230,3,S,0.6
8858,8,H,0.18
6029,8,H,0.68
330,8,H,0.33
350,6,H,0.37
6568,8,H,0.65
6847,8,H,0.5
7013,8,H,0.258
7096,8,H,0.73
7970,8,H,0.44
200,2,S,0.45
8420,8,H,0.52
8443,8,H,0.41
8645,8,H,0.23247
8718,8,H,0.81
8745,8,H,0.58786
8899,8,H,0.52
8936,8,H,0.6
300,10,H,0.52
6073,8,H,0.93935
360,8,H,0.58
6245,8,H,0.65
6280,8,H,0.41
6400,8,H,0.48
460,8,H,0.49
6772,8,H,0.52
6854,8,H,0.5
7253,8,H,0.46925
7562,8,H,0.82
7616,8,H,0.58
7848,8,H,0.54
8252,8,H,0.62
920,6,H,0.36
8526,8,H,0.7594
8552,8,H,0.5
934,8,H,0.52
8671,8,H,0.71142
8690,8,H,0.74861
8843,8,H,0.52
6047,8,H,0.66
6083,8,H,0.51
356,8,H,0.66
6230,8,H,0.6888
6269,8,H,0.76
6347,8,H,0.5
450,8,H,0.38
40,1,S,0.37
6496,8,H,0.48216
6553,8,H,0.54
860,8,H,0.52
6687,8,H,0.61992
6884,8,H,0.44686
6958,8,H,0.65
7132,8,H,0.71894
550,8,H,0.6
7274,8,H,0.5538
7483,8,H,0.39
7661,8,H,0.48216
7706,8,H,0.39
7754,8,H,0.45461
7842,8,H,0.65
7904,8,H,0.44
690,8,H,0.46
7977,8,H,0.74477
8018,8,H,0.54
8084,8,H,0.3309
729,8,H,0.46
8435,8,H,0.46315
8635,8,H,0.35
8642,8,H,0.60442
240,1,S,0.3
6051,8,H,0.37454
6097,8,H,0.38745
6513,8,H,0.47
6636,8,H,0.54
6699,8,H,0.7
6755,8,H,0.59409
6828,8,H,0.5
6983,8,H,0.48
7523,8,H,0.64575
7778,8,H,0.41
7839,8,H,0.52
680,8,H,0.52
7868,8,H,0.3
7927,8,H,0.53
7965,8,H,0.44
8263,8,H,0.5
740,6,H,0.35
755,10,H,0.78
800,9,H,0.59
909,8,H,0.52
8607,8,H,0.43
220,1,S,0.42
6205,8,H,0.65
6237,8,H,0.57687
6248,8,H,0.5
6463,8,H,0.38022
6503,8,H,0.48
7345,8,H,0.38
7431,8,H,0.4
7884,8,H,0.8808
8463,8,H,0.85
8473,8,H,0.48216
8506,8,H,0.674
250,3,S,0.41
8826,8,H,0.47
260,3,S,0.41
970,8,H,0.54
6106,8,H,0.52
6422,8,H,0.71
7209,8,H,0.696
600,8,H,0.44
7517,8,H,0.772
8153,8,H,0.48
8210,8,H,0.59
8310,8,H,0.57
8531,8,H,0.7
991,8,H,0.52
8808,8,H,0.55104
6090,8,H,0.5
6408,8,H,0.61992
520,8,H,0.64
6999,8,H,0.52
7587,8,H,0.42
8207,8,H,0.33
8406,8,H,0.53
950,8,H,0.32
6724,8,H,0.48
490,8,H,0.61
6787,4,S,0.31
6866,8,H,0.5
7115,8,H,0.45
7250,8,H,0.56
580,8,H,0.42
7440,8,H,0.54
7513,8,H,0.48302
7793,8,H,0.72
8289,8,H,0.3444
8598,8,H,0.57
8617,8,H,0.52
8748,8,H,0.52
8788,8,H,0.61
8832,8,H,0.32553
6396,8,H,0.16
6444,8,H,0.3264
540,8,H,0.51
7464,8,H,0.52
7892,8,H,0.81795
8106,8,H,0.52
720,8,H,0.52
8400,8,H,0.52
8708,8,H,0.63284
6158,4,S,0.44546
6549,8,H,0.21
6741,8,H,0.474
70,1,S,0.49
8555,8,H,0.7
8875,8,H,0.52
7340,8,H,0.59409
8105,8,H,0.69
7127,8,H,0.39
8010,8,H,0.27552
7312,8,H,0.5363
6278,8,H,0.41
6096,8,H,0.38745
8287,8,H,0.3444
8292,8,H,0.48
8293,8,H,0.48
8884,8,H,0.65
6372,8,H,0.49
6378,8,H,0.54
6342,8,H,0.5
7217,8,H,0.72864
8758,8,H,0.47355
6838,8,H,0.5
6910,8,H,0.64
6977,8,H,0.48
6982,8,H,0.48
6985,8,H,0.48
6138,8,H,0.62423
6142,8,H,0.62423
6144,8,H,0.62423
6586,8,H,0.35
6949,8,H,0.715
7247,8,H,0.56
7619,8,H,0.33
7620,8,H,0.33
7625,8,H,0.33
6405,8,H,0.61992
7363,8,H,0.28
6043,8,H,0.66
6046,8,H,0.66
6969,8,H,0.58
6972,8,H,0.544
6970,8,H,0.52521
7163,8,H,0.49456
7169,8,H,0.4
7178,8,H,0.4
7179,8,H,0.3444
7906,8,H,0.44
6921,8,H,0.643
8699,8,H,0.63284
8700,8,H,0.80073
8705,8,H,0.63284
8058,8,H,0.3309
6091,8,H,0.4
8460,8,H,0.85
6148,8,H,0.65
8368,8,H,0.52
8390,8,H,0.52
8799,8,H,0.571
8801,8,H,0.55104
8074,8,H,0.55
8044,8,H,0.4305
8242,8,H,0.68705
8246,8,H,0.68705
8248,8,H,0.68705
7766,8,H,0.32
8665,8,H,0.43
8868,8,H,0.43
8837,8,H,0.33579
6885,8,H,0.20664
6645,8,H,0.52
6855,8,H,0.65
6990,8,H,0.66297
7133,8,H,0.48
7229,8,H,0.52
8008,8,H,0.27552
8009,8,H,0.27552
8104,8,H,0.69
8290,8,H,0.59409
8849,8,H,0.761
11,3,S,0.4
12,3,S,0.33
14,3,S,0.36
15,3,S,0.37
16,3,S,0.36
17,3,S,0.35
19,3,S,0.31
20,3,S,0.36
22,3,S,0.37
21,3,S,0.36
6001,8,H,0.52
6002,8,H,0.98154
6003,8,H,0.68
6004,8,H,0.71291
6016,8,H,0.52
6017,8,H,0.52
303,10,H,0.52
304,10,H,0.52
6006,8,H,0.55
6007,8,H,0.77
6019,8,H,0.52
6008,8,H,0.52
6009,8,H,0.52
6010,8,H,0.65
6011,8,H,0.55539
6012,8,H,0.52
6013,8,H,0.52
6014,8,H,0.77
6015,8,H,0.52
6018,8,H,0.52
6020,8,H,0.52
311,7,H,0.47
5145,7,H,0.47
5146,7,H,0.47
5147,8,H,0.47
321,10,H,0.47
322,10,H,0.47
5148,8,H,0.47
323,8,H,0.47
312,7,H,0.44
5155,7,H,0.47
5149,7,H,0.47
313,7,H,0.42
314,9,H,0.52
5150,8,H,0.48
315,7,H,0.44
320,7,H,0.47
5157,7,H,0.47
5151,7,H,0.47
316,7,H,0.49
317,7,H,0.44
318,9,H,0.56
319,7,H,0.47
5152,8,H,0.47
5156,7,H,0.47
5154,7,H,0.47
6021,8,H,0.52
906,8,H,0.52
6023,8,H,0.52
6025,8,H,0.52
6026,8,H,0.52
6028,8,H,0.52
6032,8,H,0.52
333,8,H,0.33
332,8,H,0.33
331,8,H,0.33
5163,8,H,0.33
5164,8,H,0.33
336,8,H,0.33
337,8,H,0.33
6034,8,H,0.52
6036,8,H,0.52
6037,8,H,0.52
6042,8,H,0.66
6044,8,H,0.66
6048,8,H,0.66297
6049,8,H,0.7706
341,8,H,0.46
6053,8,H,0.52
6055,8,H,0.52
6056,8,H,0.52
6057,8,H,0.3
6058,8,H,0.28413
345,8,H,0.52
6059,8,H,0.52
6060,8,H,0.52
6061,8,H,0.46
6062,8,H,0.57
6064,8,H,0.52
6066,8,H,0.52
6069,8,H,0.93935
6075,8,H,0.52
6078,8,H,0.43
6080,8,H,0.52
6082,8,H,0.52
6084,8,H,0.51
6085,8,H,0.51
5189,6,H,0.37
357,8,H,0.66
355,6,H,0.37
5188,6,H,0.37
6086,8,H,0.38573
353,6,H,0.37
352,6,H,0.37
351,6,H,0.37
5190,6,H,0.37
5192,6,H,0.37
6088,8,H,0.5
6089,8,H,0.5
6092,8,H,0.52
6093,8,H,0.52
6095,8,H,0.55965
5203,8,H,0.66
358,8,H,0.66
6101,8,H,0.52
6103,8,H,0.52
852,8,H,0.52
6107,8,H,0.52
6108,8,H,0.77
6111,8,H,0.52
6114,8,H,0.52
6118,8,H,0.5
6120,8,H,0.52
6124,8,H,0.52
6125,8,H,0.52
853,8,H,0.52
6127,8,H,0.52
6128,8,H,0.52
6129,8,H,0.52
6131,8,H,0.52
6137,8,H,0.52
6139,8,H,0.67
6143,8,H,0.62423
6135,8,H,0.67
6146,8,H,0.52
6147,8,H,0.52
6149,8,H,0.52
6150,8,H,0.52
6151,8,H,0.52
6152,8,H,0.52
5232,8,H,0.52
5233,8,H,0.52
6154,4,S,0.52
6155,4,S,0.41
6156,4,S,0.41
6157,4,S,0.52
362,8,H,0.58
361,8,H,0.58
6180,8,H,0.58
363,10,H,0.58
6159,8,H,0.82656
6161,8,H,0.62
6162,8,H,0.52
6163,8,H,0.52
6164,8,H,0.52
6165,8,H,0.52
6167,8,H,0.48
6169,8,H,0.48
6171,8,H,0.52
6173,8,H,0.52
6175,8,H,0.484
6177,8,H,0.55
6181,8,H,0.45
5256,8,H,0.52
367,8,H,0.52
6184,8,H,0.685
6186,8,H,0.68
6187,8,H,0.68
6193,8,H,0.65
6197,8,H,0.42
6198,8,H,0.52
986,8,H,0.52
6203,8,H,0.65
6206,8,H,0.52
5259,8,H,0.52
5260,7,H,0.52
5261,8,H,0.52
6213,8,H,0.65
6216,8,H,0.52
6217,8,H,0.52
6219,8,H,0.52
6220,8,H,0.52
6221,8,H,0.43
6222,8,H,0.46925
6224,8,H,0.52
6225,8,H,0.6888
6241,8,H,0.6888
6226,8,H,0.52
6227,8,H,0.52
6228,8,H,0.52
6229,8,H,0.52
6231,8,H,0.52
6232,8,H,0.52
6252,8,H,0.52
6218,8,H,0.52
6233,8,H,0.52
6235,8,H,0.52
371,7,H,0.55
372,7,H,0.6
376,7,H,0.48
373,7,H,0.49
374,7,H,0.51
375,7,H,0.48
5279,7,H,0.51
5280,7,H,0.51
379,7,H,0.45
5281,7,H,0.51
377,7,H,0.51
378,7,H,0.51
6240,8,H,0.52
6242,8,H,0.65
6243,8,H,0.65
6244,8,H,0.65
6246,8,H,0.65
6247,8,H,0.52
6236,8,H,0.59
6238,8,H,0.52
6253,8,H,0.52
6255,8,H,0.52
6257,8,H,0.52
6251,8,H,0.52
6259,8,H,0.52
6260,8,H,0.21
6262,8,H,0.29
6264,8,H,0.44
6266,8,H,0.74
6267,8,H,0.74
6268,8,H,0.74
6270,8,H,0.52
6272,8,H,0.52
6273,8,H,0.52
6274,8,H,0.52
6275,8,H,0.52
6277,8,H,0.41
6279,8,H,0.41
6283,8,H,0.52
6284,8,H,0.52
5322,8,H,0.52
6286,8,H,0.28
6294,8,H,0.52
6295,8,H,0.52
6297,8,H,0.52
854,8,H,0.52
5328,8,H,0.52
6303,8,H,0.52
6304,8,H,0.52
5329,8,H,0.52
6306,8,H,0.52
6308,8,H,0.52
6311,8,H,0.52
6313,8,H,0.52
6315,8,H,0.52
6317,8,H,0.52
6318,8,H,0.9632
6319,8,H,0.52
6325,8,H,0.52
6320,8,H,0.52
6326,8,H,0.52
6328,8,H,0.52
6329,8,H,0.52
6331,4,S,0.41
81,1,S,0.35
6337,8,H,0.52
6338,8,H,0.52
6341,8,H,0.52
6343,8,H,0.56826
6344,8,H,0.43
6346,8,H,0.52
6350,8,H,0.52
6351,8,H,0.52
6352,8,H,0.52
6353,8,H,0.52
6354,8,H,0.52
6355,8,H,0.52
6356,8,H,0.52
6358,8,H,0.52
6359,8,H,0.52
6360,8,H,0.52
5363,8,H,0.52
5364,8,H,0.52
6367,8,H,0.37
6366,8,H,0.37
6370,8,H,0.52
6373,8,H,0.49
6374,8,H,0.55965
6375,8,H,0.49
6379,8,H,0.44
6380,8,H,0.52
6383,8,H,0.52
6384,8,H,0.52
6386,8,H,0.52
6387,8,H,0.52
6389,8,H,0.52
6390,8,H,0.52
5375,8,H,0.52
6393,8,H,0.52
6395,8,H,0.52
6397,8,H,0.5
5378,7,H,0.52
391,8,H,0.58
5401,8,H,0.4
421,8,H,0.4
424,8,H,0.4
422,8,H,0.4
5402,8,H,0.4
6429,8,H,0.52
6430,8,H,0.52
409,9,H,0.64
401,9,H,0.61
413,9,H,0.62
402,9,H,0.6
411,9,H,0.62
403,9,H,0.66
404,9,H,0.6
405,9,H,0.62
406,9,H,0.56
412,9,H,0.62
407,9,H,0.64
410,9,H,0.62
408,9,H,0.62
6399,8,H,0.48
6401,8,H,0.48
6402,8,H,0.52
6403,8,H,0.52
6406,8,H,0.52
6407,8,H,0.52
6410,8,H,0.52
6415,8,H,0.52
6417,8,H,0.52
6418,8,H,0.52
6419,8,H,0.52
6420,8,H,0.6
6425,8,H,0.52
6427,8,H,0.52
6433,8,H,0.52
6434,8,H,0.52
856,8,H,0.52
857,8,H,0.52
6437,8,H,0.82656
451,8,H,0.38
6439,8,H,0.52
5411,8,H,0.38
452,8,H,0.38
5415,8,H,0.52
6441,8,H,0.2322
6443,8,H,0.52
6445,8,H,0.52
5420,3,S,0.41
5423,1,S,0.41
5421,4,S,0.41
6447,8,H,0.52
6448,8,H,0.52
6449,8,H,0.52
461,8,H,0.49
462,8,H,0.49
6452,8,H,0.5
6458,8,H,0.49
6454,8,H,0.52
5432,7,H,0.52
6472,8,H,0.78
6473,8,H,0.44
6474,8,H,0.52
6475,8,H,0.52
6477,8,H,0.52
6457,8,H,0.52
6459,8,H,0.38022
6460,8,H,0.38745
6461,8,H,0.38
5435,8,H,0.52
471,8,H,0.52
5436,8,H,0.52
475,10,H,0.52
6468,8,H,0.52
6469,8,H,0.52
6480,8,H,0.52
41,1,S,0.39
42,1,S,0.42
5443,1,S,0.37
5444,1,S,0.37
43,1,S,0.31
6481,8,H,0.52
6482,8,H,0.48216
6483,8,H,0.48216
6492,8,H,0.48216
6493,8,H,0.48216
6494,8,H,0.48216
6495,8,H,0.48216
6497,8,H,0.48
6498,8,H,0.48
6499,8,H,0.48
6500,8,H,0.48
6504,8,H,0.48
6517,8,H,0.5
6507,8,H,0.47
6508,8,H,0.47
6509,8,H,0.47
6510,8,H,0.47
6514,8,H,0.47
5462,8,H,0.52
6519,8,H,0.52
6520,8,H,0.52
6521,8,H,0.52
6522,8,H,0.52
6523,8,H,0.52
6524,8,H,0.52
6526,8,H,0.52
6528,8,H,0.52
6529,8,H,0.52
6532,8,H,0.52
6535,8,H,0.52
6539,8,H,0.52
6541,8,H,0.52
6542,8,H,0.52
6543,8,H,0.52
6552,8,H,0.54
6554,8,H,0.52
6555,8,H,0.46
858,8,H,0.52
6557,8,H,0.47
6559,8,H,0.52
6560,8,H,0.52
6561,8,H,0.47
6562,8,H,0.47
6564,8,H,0.52
6546,8,H,0.19
6547,8,H,0.22
6548,8,H,0.21
6545,8,H,0.21
6565,8,H,0.52
859,8,H,0.52
6567,8,H,0.52
6569,8,H,0.52
6572,8,H,0.7
6578,8,H,0.7
6579,8,H,0.7
6580,8,H,0.7
6581,8,H,0.52
6582,8,H,0.52
6583,8,H,0.7
6584,8,H,0.52
6573,8,H,0.52
6574,8,H,0.52
6575,8,H,0.52
6576,8,H,0.52
6577,8,H,0.52
6593,8,H,0.58
6594,8,H,0.58
481,8,H,0.52
6588,8,H,0.35
6589,8,H,0.35
6590,8,H,0.35
6591,8,H,0.35
6597,8,H,0.5
6601,8,H,0.5
6604,8,H,0.5
6605,8,H,0.5
6606,8,H,0.5
6610,8,H,0.5
6611,8,H,0.5
6612,8,H,0.5
6613,8,H,0.5
6614,8,H,0.5
6615,8,H,0.5
6616,8,H,0.5
6620,8,H,0.5
6621,8,H,0.5
6622,8,H,0.5
6625,8,H,0.5
6626,8,H,0.5
6627,8,H,0.5
6629,8,H,0.5
6630,8,H,0.5
6596,8,H,0.5
6631,8,H,0.52
5523,8,H,0.52
6632,8,H,0.54
6633,8,H,0.60701
6634,8,H,0.54
6635,8,H,0.54
5529,8,H,0.52
6637,8,H,0.52
6639,8,H,0.52
6641,8,H,0.52
6642,8,H,0.52
6644,8,H,0.52
6646,8,H,0.52
6648,8,H,0.52
6650,8,H,0.52
6651,8,H,0.52
6653,8,H,0.52
6655,8,H,0.52
6658,8,H,0.52
863,8,H,0.52
6660,8,H,0.52
6661,8,H,0.52
6662,8,H,0.52
6663,8,H,0.52
6664,8,H,0.52
6665,8,H,0.52
6666,8,H,0.52
6668,8,H,0.52
6669,8,H,0.52
6670,8,H,0.52
6671,8,H,0.52
907,8,H,0.52
6673,8,H,0.52
6679,8,H,0.52
908,8,H,0.52
6683,8,H,0.52
6684,8,H,0.52
6686,8,H,0.52
6685,8,H,0.52
6688,8,H,0.52
6689,8,H,0.52
6691,8,H,0.34
6693,8,H,0.52
6694,8,H,0.7
864,8,H,0.52
6697,8,H,0.7
6700,8,H,0.52
5559,8,H,0.52
6702,8,H,0.8
6703,8,H,0.34
6705,8,H,0.52
6706,8,H,0.52
867,10,H,0.52
987,8,H,0.52
6710,8,H,0.52
6711,8,H,0.52
6712,8,H,0.52
6714,8,H,0.52
6716,8,H,0.48
6717,8,H,0.719
6718,8,H,0.719
6719,8,H,0.719
6720,8,H,0.719
6721,8,H,0.48
6722,8,H,0.48
6726,8,H,0.719
6728,8,H,0.52
8651,8,H,0.52
6730,8,H,0.52
6731,8,H,0.52
6733,8,H,0.38
6735,8,H,0.52
6736,8,H,0.474
6737,8,H,0.52
6738,8,H,0.52
6739,8,H,0.52
865,8,H,0.52
6742,8,H,0.48216
6743,8,H,0.52
6744,8,H,0.5
6751,8,H,0.84636
6752,8,H,0.7204
6748,8,H,0.61
491,8,H,0.64
5591,8,H,0.61
492,8,H,0.58
6746,8,H,0.52
6747,8,H,0.52
5599,8,H,0.52
5600,8,H,0.55
6749,8,H,0.84636
6750,8,H,0.52
6754,8,H,0.59409
503,8,H,0.52
504,8,H,0.52
5603,8,H,0.52
996,8,H,0.52
6756,8,H,0.52
505,8,H,0.52
5091,8,H,0.52
501,8,H,0.52
506,8,H,0.52
507,8,H,0.52
502,8,H,0.52
508,8,H,0.52
509,8,H,0.52
6760,8,H,0.71
6761,8,H,0.52
6762,8,H,0.52
6763,8,H,0.52
5092,8,H,0.52
5093,8,H,0.52
6758,8,H,0.4305
6765,8,H,0.52
6767,8,H,0.52
6771,8,H,0.674
6773,8,H,0.52
6774,8,H,0.52
6775,8,H,0.52
6781,8,H,0.5756
6786,4,S,0.41
5776,8,H,0.52
6788,4,S,0.41
6790,8,H,0.52
6792,8,H,0.52
866,8,H,0.52
5800,1,S,0.41
51,1,S,0.41
52,1,S,0.41
53,1,S,0.41
6795,4,S,0.41
56,1,S,0.41
54,1,S,0.41
55,1,S,0.41
6796,4,S,0.41
6800,8,H,0.5
6801,8,H,0.52
6802,8,H,0.5
6805,8,H,0.5
6806,8,H,0.5
6807,8,H,0.5
6810,8,H,0.5
6811,8,H,0.5
6812,8,H,0.5
6813,8,H,0.5
6814,8,H,0.5
6815,8,H,0.5
6818,8,H,0.5
6819,8,H,0.5
6822,8,H,0.5
6823,8,H,0.5
6824,8,H,0.5
6825,8,H,0.5
6826,8,H,0.5
6827,8,H,0.5
6829,8,H,0.5
6830,8,H,0.5
6833,8,H,0.5
6834,8,H,0.52
6835,8,H,0.52
6837,8,H,0.58
6839,8,H,0.52
6840,8,H,0.5
6842,8,H,0.5
6843,8,H,0.52
6844,8,H,0.5
6848,8,H,0.52
6850,8,H,0.52
6852,8,H,0.52
6853,8,H,0.5
5818,8,H,0.52
6857,8,H,0.52
6858,8,H,0.73
6860,8,H,0.44
6862,8,H,0.52
6865,8,H,0.5
6864,8,H,0.5
6867,8,H,0.52
6869,8,H,0.52
6870,8,H,0.52
6871,8,H,0.52
6872,8,H,0.52
6873,8,H,0.52
6875,8,H,0.5
6876,8,H,0.5
6877,8,H,0.5
6880,8,H,0.5
6882,8,H,0.5
6883,8,H,0.52
6886,8,H,0.20664
6888,8,H,0.52
6889,8,H,0.52
6896,8,H,0.52
6898,8,H,0.45
6899,8,H,0.52
6900,8,H,0.88
6902,8,H,0.74
6903,8,H,0.7
6904,8,H,0.7
6905,8,H,0.98
6906,8,H,0.7
6907,8,H,0.64
6909,8,H,0.52
6911,8,H,0.74
6912,8,H,0.52
522,10,H,0.64
521,8,H,0.64
6923,8,H,0.52
6927,8,H,0.52
6928,8,H,0.32
6930,8,H,0.52
6932,8,H,0.52
6933,8,H,0.41328
6934,8,H,0.52
6968,8,H,0.58
6937,8,H,0.52
6936,8,H,0.715
6938,8,H,0.52
6939,8,H,0.52
6940,8,H,0.52
6941,8,H,0.71463
6947,8,H,0.65
6948,8,H,0.65
6952,8,H,0.65
6953,8,H,0.65
6957,8,H,0.65
6944,8,H,0.65
604,8,H,0.44
601,8,H,0.36
603,8,H,0.44
7495,8,H,0.52
606,8,H,0.44
605,8,H,0.44
602,8,H,0.51
7496,8,H,0.44
61,10,S,0.45
62,10,S,0.45
7489,1,S,0.45
59,10,S,0.45
63,10,S,0.48
60,10,S,0.45
69,10,S,0.45
64,1,S,0.45
65,10,S,0.68
58,10,S,0.45
66,10,S,0.45
68,1,S,0.44
7497,8,H,0.65
7499,8,H,0.52
7501,8,H,0.52
7503,8,H,0.52
7506,8,H,0.52
7508,8,H,0.52
7507,8,H,0.52
7515,8,H,0.52
7509,8,H,0.48302
7510,8,H,0.48302
7511,8,H,0.48302
7512,8,H,0.48302
7514,8,H,0.52
7516,8,H,0.772
7518,8,H,0.64575
7519,8,H,0.64575
7520,8,H,0.64575
7521,8,H,0.64575
7522,8,H,0.64575
7524,8,H,0.64575
7528,8,H,0.64575
7529,8,H,0.64575
7531,8,H,0.52
7530,8,H,0.52
7532,10,H,0.52
7533,8,H,0.52
988,8,H,0.52
7539,8,H,0.68
7541,8,H,0.52
6212,1,S,0.49
74,1,S,0.49
71,1,S,0.49
72,1,S,0.49
73,1,S,0.48
75,1,S,0.49
7550,8,H,0.52
7552,8,H,0.52
7556,8,H,0.52
7558,8,H,0.82
7559,8,H,0.82
7560,8,H,0.82
7561,8,H,1.026
7564,8,H,0.6
7565,8,H,0.52
869,8,H,0.52
7567,8,H,0.52
7569,8,H,0.52
7570,8,H,0.52
7573,8,H,0.52
7574,8,H,0.52
7577,10,H,0.55
7578,10,H,0.55
7579,10,H,0.56826
7575,10,H,0.56826
7580,8,H,0.52
6234,8,H,0.52
7571,8,H,0.46
611,8,H,0.46
621,8,H,0.4
7583,8,H,0.81795
631,8,H,0.58
7588,8,H,0.71
7590,8,H,0.52
7591,8,H,0.52
7592,8,H,0.52
7593,10,H,0.52
7595,8,H,0.52
7602,8,H,0.67
7606,8,H,0.52
7598,8,H,0.68705
7600,8,H,0.52
7608,8,H,0.52
884,8,H,0.52
7614,8,H,0.58
7617,8,H,0.58
7618,8,H,0.33
7621,8,H,0.27
7626,8,H,0.43
7627,8,H,0.33
7628,8,H,0.52
7630,8,H,0.52
641,8,H,0.76
7632,8,H,0.52
7643,8,H,0.52
7644,8,H,0.52
7645,8,H,0.52
7646,8,H,0.52
7647,8,H,0.52
7648,8,H,0.52
662,8,H,0.61
7633,8,H,0.52
651,8,H,0.44
655,8,H,0.4
652,8,H,0.46
654,8,H,0.43
7635,8,H,0.52
657,8,H,0.43
7637,8,H,0.43
7636,8,H,0.52
7631,8,H,0.43
658,8,H,0.43
653,8,H,0.42
7634,8,H,0.43
7638,8,H,0.49
7639,8,H,0.56
7642,8,H,0.49
7649,8,H,0.61
663,8,H,0.61
7650,8,H,0.61
661,8,H,0.61
664,8,H,0.61
7651,8,H,0.61
7652,8,H,0.52
7654,8,H,0.64543
885,8,H,0.52
7658,8,H,0.45
7660,8,H,0.48216
7662,8,H,0.52
7667,8,H,0.52
7669,8,H,0.52
7672,8,H,0.87
7673,8,H,0.52
7674,8,H,0.52
7677,8,H,0.52
7679,8,H,0.77
7682,8,H,0.52
7684,8,H,0.52
7688,8,H,0.52
7689,8,H,0.52
7694,8,H,0.52
7695,8,H,0.52
7697,8,H,0.52
7698,8,H,0.52
715,8,H,0.75
7699,8,H,0.52
7700,8,H,0.75
7702,8,H,0.52
7704,8,H,0.39
7715,8,H,0.52
992,8,H,0.52
7710,8,H,0.34
7712,8,H,0.46
7713,8,H,0.46
993,8,H,0.52
7717,8,H,0.52
7719,8,H,0.45461
7720,8,H,0.45461
7721,8,H,0.45461
8674,8,H,0.52
8676,8,H,0.52
8679,8,H,0.52
940,8,H,0.52
8686,8,H,0.52
8683,8,H,0.52
8684,8,H,0.52
8685,8,H,0.52
8687,8,H,0.52
8689,8,H,0.76024
8691,8,H,0.54
7092,8,H,0.52
8693,8,H,0.52
8694,8,H,0.44
8696,8,H,0.63284
896,8,H,0.52
8698,8,H,0.52
8701,8,H,0.52
8702,8,H,0.52
8707,8,H,0.52
8704,8,H,0.63284
8706,8,H,0.63284
8709,8,H,0.52
8710,8,H,0.52
8712,8,H,0.52
8713,8,H,0.52
8714,8,H,0.58
8715,8,H,0.52
8716,8,H,0.52
8717,8,H,0.52
8719,8,H,0.52
8720,8,H,0.52
8723,8,H,0.52
897,8,H,0.52
8727,8,H,0.52
8728,8,H,0.52
8729,8,H,0.52
8737,8,H,0.65953
222,1,S,0.42
221,1,S,0.42
223,1,S,0.42
8738,1,S,0.6
231,3,S,0.6
8739,1,S,0.6
232,3,S,0.6
8741,8,H,0.73
8743,8,H,0.52
8744,8,H,0.52
8749,8,H,0.50274
8750,8,H,0.52
8751,8,H,0.50274
8754,8,H,0.52
8756,8,H,0.52
8757,8,H,0.52
8759,8,H,0.50274
8761,8,H,0.52
8762,8,H,0.52
8763,8,H,0.52
8764,8,H,0.52
8766,8,H,0.52
8767,8,H,0.52
8768,8,H,0.52
8770,8,H,0.41
8771,8,H,0.41
8772,8,H,0.41
8773,8,H,0.41
8774,8,H,0.41
8776,8,H,0.41
8777,8,H,0.41
8778,8,H,0.52
8779,8,H,0.68
8780,8,H,0.52
8781,8,H,0.52
8783,8,H,0.52
8793,8,H,0.52
8784,8,H,0.52
8786,8,H,0.52
8787,8,H,0.52
8789,8,H,0.52
913,8,H,0.52
914,8,H,0.52
241,1,S,0.29
242,1,S,0.31
7722,8,H,0.45461
7723,8,H,0.45461
7724,8,H,0.45461
7725,8,H,0.45461
7726,8,H,0.45461
7727,8,H,0.45461
7728,8,H,0.45461
7729,8,H,0.45461
7730,8,H,0.45461
7731,8,H,0.45461
7732,8,H,0.45461
7733,8,H,0.45461
7734,8,H,0.45461
7735,8,H,0.45461
7736,8,H,0.45461
7737,8,H,0.45461
7738,8,H,0.45461
7739,8,H,0.45461
7740,8,H,0.45461
7741,8,H,0.45461
7742,8,H,0.45461
7743,8,H,0.45461
7744,8,H,0.45461
7745,8,H,0.45461
7746,8,H,0.45461
7747,8,H,0.45461
7748,8,H,0.45461
7749,8,H,0.45461
7751,8,H,0.45461
7752,8,H,0.45461
7753,8,H,0.45461
7755,8,H,0.45461
7756,8,H,0.45461
7757,8,H,0.45461
7758,8,H,0.45461
7759,8,H,0.585
7763,8,H,0.52
7764,8,H,0.52
7768,8,H,0.52
7769,8,H,0.32
7774,8,H,0.56396
7776,8,H,0.41
7777,8,H,0.41
7779,4,S,0.41
886,8,H,0.52
7782,8,H,0.69
7783,8,H,0.69
7781,8,H,0.76
7792,8,H,0.72
7794,8,H,0.72
7795,8,H,0.72
7798,8,H,0.48
7799,8,H,0.48
7801,8,H,0.45
7804,8,H,0.52
7805,8,H,0.4
7806,8,H,0.52
7807,8,H,0.52
7808,8,H,0.52
7803,8,H,0.52
7810,8,H,0.52
7812,8,H,0.52
7813,8,H,0.52
7814,8,H,0.52
7815,8,H,0.52
7816,8,H,0.52
7817,8,H,0.52
7818,8,H,0.52
7819,8,H,0.52
7821,8,H,0.52
7822,8,H,0.52
7823,8,H,0.52
7824,8,H,0.66
7828,8,H,0.52
7829,8,H,0.52
7831,8,H,0.72664
7833,8,H,0.52
7835,8,H,0.81838
7841,8,H,0.65
7845,8,H,0.52
7846,8,H,0.54
7847,8,H,0.52
7849,8,H,0.52
7850,8,H,0.49
7851,8,H,0.49
7853,8,H,0.49
7855,8,H,0.52
7857,8,H,0.52
681,8,H,0.52
683,8,H,0.52
684,8,H,0.52
682,8,H,0.52
7862,8,H,0.52
7863,8,H,0.52
7865,8,H,0.41
7867,8,H,0.52
7869,8,H,0.52
7870,8,H,0.636
7873,8,H,0.5
7874,8,H,0.5
7875,8,H,0.5
7877,8,H,0.5
7879,8,H,0.5
7872,8,H,0.5
7880,8,H,0.65
7861,8,H,0.52
7883,8,H,0.8808
7886,8,H,0.52
7887,8,H,0.52
7888,8,H,0.52
7889,8,H,0.52
7890,8,H,0.52
7891,8,H,0.52
7893,8,H,0.52
7894,8,H,0.52
7895,8,H,0.52
7899,8,H,0.69569
7903,8,H,0.44
7905,8,H,0.52
7907,8,H,0.52
7910,8,H,0.53
7911,8,H,0.52
7912,8,H,0.52
7913,8,H,0.75
7914,8,H,0.75
7915,8,H,0.75
7916,8,H,0.75
7918,8,H,0.75
7919,8,H,0.75
7920,8,H,0.75
7921,8,H,0.53
7922,8,H,0.53
7923,8,H,0.75
7929,8,H,0.79
7924,8,H,0.75
7925,8,H,0.75
7926,8,H,0.53
7928,8,H,0.75
7932,8,H,0.52
7933,8,H,0.52
7934,8,H,0.52
7935,8,H,0.52
7936,8,H,0.52
7939,8,H,0.52
7940,8,H,0.52
7942,8,H,0.53
7944,8,H,0.52
7946,8,H,0.52
7948,8,H,0.67
7952,8,H,0.61734
7954,8,H,0.34
7956,8,H,0.52
7971,8,H,0.48
7972,8,H,0.48
7958,8,H,0.68705
7960,8,H,0.66286
7962,8,H,0.34
7964,8,H,0.44
7966,8,H,0.44
7967,8,H,0.44
7968,8,H,0.44
7969,8,H,0.44
7974,8,H,0.48
691,8,H,0.46
694,8,H,0.46
692,8,H,0.46
693,8,H,0.46
7976,8,H,0.52
7978,8,H,0.74477
7980,8,H,0.52
7982,8,H,0.46
7983,8,H,0.46
7984,8,H,0.46
7985,8,H,0.46
7987,8,H,0.46
7990,8,H,0.52
7991,8,H,0.52
7994,8,H,0.52
7996,8,H,0.52
7997,8,H,0.52
7999,8,H,0.52
8001,8,H,0.52
8003,8,H,0.52
8004,8,H,0.52
990,10,H,0.52
8011,8,H,0.44
8013,8,H,0.54
8014,8,H,0.54
8015,8,H,0.54
8019,8,H,0.43
8020,8,H,0.52
8022,8,H,0.37
8023,8,H,0.37
718,8,H,0.37
6479,8,H,0.63
701,8,H,0.63
8027,8,H,0.52
8029,8,H,0.52
8030,8,H,0.52
8032,8,H,0.52
8033,8,H,0.52
8034,8,H,0.52
711,8,H,0.5
8036,8,H,0.37
8037,8,H,0.52
8045,8,H,0.52
8047,8,H,0.52
8049,8,H,0.52
8051,8,H,0.52
8054,8,H,0.3309
8055,8,H,0.3309
8056,8,H,0.3309
8060,8,H,0.3309
8053,8,H,0.331
8067,8,H,0.3309
8072,8,H,0.3309
8076,8,H,0.3309
8077,8,H,0.3309
8078,8,H,0.3309
8085,8,H,0.3309
8088,8,H,0.52
8091,8,H,0.47
8099,8,H,0.52
8108,8,H,0.41
8110,8,H,0.52
8111,8,H,0.52
8115,8,H,0.52
8113,8,H,0.52
8114,8,H,0.52
712,8,H,0.52
8121,8,H,0.52
8123,8,H,0.94
8125,8,H,0.52
8127,8,H,0.52
8129,8,H,0.69741
8131,8,H,0.41
7211,8,H,0.52
721,8,H,0.52
8134,8,H,0.52
6511,8,H,0.52
8138,8,H,0.52
8141,8,H,0.52
8146,8,H,0.52
6516,8,H,0.52
8143,8,H,0.52
8144,8,H,0.52
8151,8,H,0.48
8152,8,H,0.48
8150,8,H,0.48
8154,8,H,0.52
8155,8,H,0.701
8156,8,H,0.701
8157,8,H,0.52
8159,8,H,0.58
8160,8,H,0.52
8162,8,H,0.52
107,4,S,0.46
108,4,S,0.38
109,4,S,0.43
8189,4,S,0.43
134,10,S,0.43
110,4,S,0.47
106,10,S,0.5
111,4,S,0.54
112,4,S,0.43
113,4,S,0.37
91,5,S,0.36
92,5,S,0.36
93,5,S,0.33
94,5,S,0.37
6533,5,S,0.36
95,5,S,0.38
6538,5,S,0.36
96,5,S,0.36
97,5,S,0.37
98,5,S,0.33
8164,8,H,0.52
8167,8,H,0.52
8169,8,H,0.52
8171,8,H,0.52
8173,8,H,0.52
8175,8,H,0.52
8177,8,H,0.52
8181,8,H,0.48
101,4,S,0.43
102,4,S,0.43
135,4,S,0.43
103,4,S,0.39
104,4,S,0.43
105,4,S,0.4
8200,4,S,0.43
8201,4,H,0.43
8183,4,S,0.41
140,10,S,0.43
115,4,S,0.41
8202,4,H,0.43
116,4,S,0.37
117,4,S,0.34
118,4,S,0.43
142,4,S,0.43
8184,4,S,0.41
8185,4,S,0.41
133,10,S,0.43
119,4,S,0.36
120,4,S,0.45
136,4,S,0.43
8186,4,S,0.41
121,4,S,0.54
8197,4,S,0.43
8187,4,S,0.41
8188,8,S,0.41
8203,4,H,0.43
122,4,S,0.38
123,4,S,0.49
138,10,S,0.43
124,4,S,0.4
141,10,S,0.43
125,4,S,0.41
126,4,S,0.47
127,4,S,0.4
128,4,S,0.51
114,4,S,0.43
8227,8,H,0.57
8228,8,H,0.57
8229,8,H,0.57
8230,8,H,0.57
8231,8,H,0.57
8232,8,H,0.57
8233,8,H,0.57
8234,8,H,0.57
8235,8,H,0.57
8236,8,H,0.5364
129,4,S,0.34
130,4,S,0.43
131,4,S,0.47
8198,4,S,0.43
139,4,S,0.43
132,4,S,0.45
137,4,S,0.43
8190,8,H,0.52
8191,8,H,0.52
8192,8,H,0.52
8193,8,H,0.52
8194,8,H,0.52
8195,8,H,0.52
8196,8,H,0.52
8199,8,H,0.52
8205,8,H,0.3
8206,8,H,0.3
8208,8,H,0.52
887,8,H,0.52
8211,8,H,0.52
8212,8,H,0.30135
8213,8,H,0.30135
8214,8,H,0.30135
8216,8,H,0.52
8217,8,H,0.24
8218,8,H,0.30135
8219,8,H,0.52
8220,8,H,0.52
8223,8,H,0.52
8226,8,H,0.57
8239,8,H,0.57
8222,8,H,0.57
8240,8,H,0.74477
8241,8,H,0.63284
8224,8,H,0.57
722,8,H,0.52
8253,8,H,0.46
8256,8,H,0.46
731,8,H,0.46
8254,8,H,0.46
730,8,H,0.46
732,8,H,0.46
8249,4,S,0.41
8250,8,H,0.62
8251,8,H,0.62
8255,8,H,0.52
8257,8,H,0.5
8258,8,H,0.5
8259,8,H,0.5
8260,8,H,0.5
8261,8,H,0.5
8262,8,H,0.5
8266,8,H,0.52
8268,8,H,0.52
8271,8,H,0.52
8273,8,H,0.52
8274,4,S,0.41
8275,8,H,0.52
8276,8,H,0.52
8279,8,H,0.52
8280,8,H,0.52
8313,6,H,0.35
8314,6,H,0.35
8283,8,H,0.3444
8284,8,H,0.52
8285,8,H,0.3444
8286,8,H,0.32
8288,8,H,0.3444
8296,8,H,0.53
8295,8,H,0.57859
752,6,H,0.35
749,6,H,0.35
741,6,H,0.31
742,6,H,0.37
748,6,H,0.41
743,6,H,0.36
744,6,H,0.35
753,6,H,0.35
746,6,H,0.35
8297,8,H,0.85
8298,8,H,0.737
8299,8,H,0.79
8300,8,H,0.52
8301,8,H,0.52
8302,8,H,0.52
8303,8,H,0.61992
8304,8,H,0.737
8305,8,H,0.52
8307,8,H,0.57
8309,8,H,0.55
8311,8,H,0.52
8315,8,H,0.48
8316,8,H,0.48
8317,8,H,0.48
8318,8,H,0.48
8319,8,H,0.48
8320,8,H,0.48
8321,8,H,0.48
8322,8,H,0.48
8323,8,H,0.48
8324,8,H,0.48
8325,8,H,0.48
8326,8,H,0.48
8327,8,H,0.48
8328,8,H,0.48
8330,8,H,0.48
8331,8,H,0.48
8336,8,H,0.48
8338,8,H,0.48
8339,8,H,0.48
8340,8,H,0.52
8341,8,H,0.34
8357,8,H,0.47
8342,8,H,0.52
756,10,H,0.78
8343,8,H,0.8
8344,8,H,0.52
758,10,H,0.78
757,10,H,0.78
769,8,H,0.47
766,8,H,0.47
770,8,H,0.47
8350,8,H,0.52
771,8,H,0.47
8345,8,H,0.47
8348,8,H,0.47
772,8,H,0.47
773,8,H,0.47
8351,8,H,0.47
768,8,H,0.47
6696,8,H,0.48
774,8,H,0.47
6708,8,H,0.47
8346,8,H,0.52
765,8,H,0.47
8347,8,H,0.52
761,8,H,0.47
764,8,H,0.47
8360,8,H,0.47
762,8,H,0.47
6707,8,H,0.47
763,8,H,0.47
8352,8,H,0.52
8353,8,H,0.52
8363,8,H,0.52
8413,8,H,0.52
8364,8,H,0.52
8365,8,H,0.54
8366,8,H,0.52
8367,8,H,0.52
8369,8,H,0.52
8370,8,H,0.52
8373,8,H,0.54
8377,8,H,0.52
8386,8,H,0.52
201,2,S,0.45
202,2,S,0.45
8354,8,H,0.52
8355,8,H,0.69
8356,8,H,0.52
8358,8,H,0.52
8359,8,H,0.52
8361,8,H,0.52
8362,8,H,0.52
8387,8,H,0.52
8388,8,H,0.52
8389,8,H,0.52
8391,8,H,0.52
8392,8,H,0.52
8393,8,H,0.52
8394,8,H,0.52
8395,8,H,0.52
8397,8,H,0.52
8399,8,H,0.52
8401,8,H,0.52
8402,8,H,0.86961
8403,8,H,0.52
8419,8,H,0.52
6759,8,H,0.52
8404,8,H,0.53
8405,8,H,0.53
8407,8,H,0.52
8408,8,H,0.52
8409,8,H,0.52
8410,8,H,0.52
8411,8,H,0.52
8415,8,H,0.48
8416,8,H,0.48
8421,8,H,0.56
8423,8,H,0.56
8426,8,H,0.56
8422,8,H,0.52
8427,9,H,0.59
801,9,H,0.59
802,9,H,0.6
803,10,H,0.59
6768,9,H,0.59
8429,9,H,0.6
804,9,H,0.64
8513,9,H,0.59
8437,9,H,0.59
805,9,H,0.7
806,9,H,0.6
807,9,H,0.59
809,9,H,0.59
810,10,H,0.59
811,9,H,0.59
812,9,H,0.52
8438,9,H,0.6
814,10,H,0.61
815,9,H,0.64
8441,9,H,0.59
6782,9,H,0.58
851,9,H,0.59
8511,9,H,0.59
846,10,H,0.59
6785,9,H,0.59
8449,9,H,0.59
843,10,H,0.59
8450,9,H,0.59
816,9,H,0.59
817,9,H,0.59
842,9,H,0.59
818,9,H,0.51
8514,9,H,0.59
819,9,H,0.59
820,9,H,0.56
821,9,H,0.55
822,9,H,0.57
823,9,H,0.58
840,9,H,0.59
824,9,H,0.59
825,9,H,0.6
841,9,H,0.59
826,9,H,0.59
6791,9,H,0.59
827,9,H,0.56
829,10,H,0.59
844,9,H,0.59
813,9,H,0.61
830,9,H,0.58
6794,9,H,0.59
831,9,H,0.56
8512,9,H,0.59
845,9,H,0.59
832,9,H,0.57
8453,9,H,0.59
6797,9,H,0.59
8492,9,H,0.59
833,9,H,0.56
847,10,H,0.59
834,9,H,0.59
836,9,H,0.59
6799,9,H,0.6
835,9,H,0.6
8424,8,H,0.77
8455,9,H,0.59
828,9,H,0.59
8457,9,H,0.59
8459,9,H,0.59
8461,9,H,0.59
837,9,H,0.56
838,9,H,0.8
839,9,H,0.59
8425,8,H,0.52
8447,8,H,0.52
6918,8,H,0.52
8432,8,H,0.46315
8433,8,H,0.52
8434,8,H,0.46315
8431,8,H,0.46315
8436,8,H,0.52
8439,8,H,0.52
8440,8,H,0.41
8442,8,H,0.41
8444,8,H,0.52
8445,8,H,0.52
8475,8,H,0.46666
8477,8,H,0.52
8470,8,H,0.46666
8479,8,H,0.43
8467,8,H,0.46666
8469,8,H,0.37
6924,8,H,0.46666
8458,8,H,0.83517
989,8,H,0.52
8462,8,H,0.7706
8464,8,H,0.84
8471,9,H,0.52
8466,8,H,0.77921
8472,8,H,0.52
8474,8,H,0.66
8486,8,H,0.66
902,10,H,0.66
901,8,H,0.66
8476,8,H,0.52
8478,8,H,0.52
8480,8,H,0.32
8481,8,H,0.52
8483,8,H,0.52
8484,8,H,0.52
8485,8,H,0.52
8489,8,H,0.52
8490,8,H,0.52
8491,8,H,0.48
8494,8,H,0.52
911,8,H,0.52
8495,8,H,0.52
912,8,H,0.52
8502,6,H,0.36
6954,6,H,0.36
8499,8,H,0.52
927,6,H,0.36
921,6,H,0.36
923,6,H,0.36
924,6,H,0.36
925,6,H,0.36
6955,6,H,0.36
6959,6,H,0.36
8508,6,H,0.36
926,6,H,0.36
8501,8,H,0.52
6963,6,H,0.36
8504,8,H,0.52
8519,6,H,0.36
6967,6,H,0.36
922,6,H,0.36
8523,6,H,0.36
928,6,H,0.36
8524,6,H,0.36
8507,6,H,0.36
8505,8,H,0.52
929,6,H,0.36
8503,8,H,0.38
8509,8,H,0.52
6991,8,H,0.429
8556,8,H,0.52
8515,8,H,0.39
8518,8,H,0.52
8516,8,H,0.7594
8517,8,H,0.7594
8521,8,H,0.7594
8522,8,H,0.7594
8525,8,H,0.7594
8528,8,H,0.7
8529,8,H,0.52
8533,8,H,0.52
8534,8,H,0.4
8535,8,H,0.52
8536,8,H,0.52
8544,8,H,0.65
931,8,H,0.42
8546,8,H,0.52
8549,8,H,0.5
8550,8,H,0.5
8551,8,H,0.5
8560,8,H,0.5
8548,8,H,0.5
8554,8,H,0.52
888,8,H,0.52
8557,8,H,0.52
8558,8,H,0.52
8561,8,H,0.52
8563,8,H,0.52
8565,8,H,0.52
8567,8,H,0.52
8571,8,H,0.52
8572,8,H,0.52
8573,8,H,0.52
8577,8,H,0.69
8605,8,H,0.52
8606,8,H,0.43
8588,8,H,0.52
8589,8,H,0.52
7023,8,H,0.57
8590,8,H,0.57
8591,8,H,0.52
8592,8,H,0.57
8594,8,H,0.52
8595,8,H,0.57
8596,8,H,0.52
8597,8,H,0.52
8599,8,H,0.52
8600,8,H,0.52
211,1,S,0.36
212,1,S,0.34
8601,8,H,0.32
8603,8,H,0.32
8608,8,H,0.5
8609,8,H,0.48302
8612,8,H,0.52
8611,8,H,0.52
890,8,H,0.52
8618,8,H,0.52
8615,8,H,0.52
8613,8,H,0.52
8614,8,H,0.52
891,8,H,0.52
8616,8,H,0.52
8623,8,H,0.52
8624,8,H,0.52
895,8,H,0.52
8619,8,H,0.52
8620,8,H,0.52
8628,8,H,0.35
8626,8,H,0.52
8627,8,H,0.52
8629,8,H,0.52
8631,8,H,0.35
8632,8,H,0.52
8633,8,H,0.52
8634,8,H,0.52
8636,8,H,0.52
8660,8,H,0.52
8639,8,H,0.38745
870,8,H,0.52
8641,8,H,0.60442
8648,8,H,0.6
8643,8,H,0.60442
935,8,H,0.52
936,8,H,0.52
937,8,H,0.52
8658,8,H,0.52
8659,8,H,0.52
8644,8,H,0.52
8649,8,H,0.52
8650,8,H,0.52
8656,8,H,0.23
8652,8,H,0.52
8654,8,H,0.52
8655,8,H,0.51
8664,8,H,0.52
8666,8,H,0.52
8667,8,H,0.43
8675,8,H,0.52
8668,8,H,0.52
8672,8,H,0.52
8669,8,H,0.71142
8670,8,H,0.71142
8647,8,H,0.52
8673,8,H,0.52
7083,8,H,0.52
873,8,H,0.52
7093,8,H,0.52
7094,8,H,0.52
7098,8,H,0.52
7099,8,H,0.73
7100,8,H,0.52
7101,8,H,0.73
7102,8,H,0.73
7103,8,H,0.52
7104,8,H,0.52
7105,8,H,0.52
7125,8,H,0.39
7128,8,H,0.39
5965,8,H,0.52
7109,8,H,0.52
7116,8,H,0.52
7110,8,H,0.45
7111,8,H,0.52
7112,8,H,0.52
7113,8,H,0.52
7114,8,H,0.45
7117,8,H,0.69
7119,8,H,0.5
7129,8,H,0.38
7131,8,H,0.71894
7135,8,H,0.52
7136,8,H,0.52
7137,8,H,0.52
874,8,H,0.52
7141,8,H,0.82656
7142,8,H,0.74
531,9,H,0.56
5983,9,H,0.52
7144,8,H,0.43
7146,8,H,0.52
7147,8,H,0.52
7148,8,H,0.52
876,8,H,0.52
7153,8,H,0.52
7149,8,H,0.52
7150,8,H,0.52
7151,8,H,0.52
877,8,H,0.52
7152,8,H,0.44
7154,8,H,0.52
7155,8,H,0.52
7156,8,H,0.4
7158,8,H,0.52
7159,8,H,0.52
7160,8,H,0.52
7162,8,H,0.52
7164,8,H,0.52
7165,8,H,0.4
7166,8,H,0.52
7167,8,H,0.43
7168,8,H,0.4
7173,8,H,0.52
7174,8,H,0.52
7175,8,H,0.4262
7176,8,H,0.4
7177,8,H,0.52
7202,8,H,0.52
7180,8,H,0.59409
7181,8,H,0.52
7182,8,H,0.65
7184,8,H,0.52
7185,8,H,0.52
7186,8,H,0.75
7188,8,H,0.47
7190,8,H,0.52
7192,8,H,0.48216
7194,8,H,0.52
7195,8,H,0.52
7196,8,H,0.52
7198,8,H,0.52
7200,8,H,0.67
7203,8,H,0.52
541,8,H,0.55
5491,8,H,0.51
548,8,H,0.51
5492,8,H,0.51
7205,8,H,0.51
542,8,H,0.5
543,8,H,0.45
5493,8,H,0.55
544,8,H,0.53
545,8,H,0.48
546,8,H,0.53
549,8,H,0.51
7206,8,H,0.52
547,8,H,0.51
7207,8,H,0.696
7208,8,H,0.696
7210,8,H,0.52
7212,8,H,0.52
7213,8,H,0.52
7214,8,H,0.52
7215,8,H,0.72864
7216,8,H,0.75
7218,8,H,0.52
7219,8,H,0.72864
7223,8,H,0.52
7224,8,H,0.66297
7225,8,H,0.66297
7226,8,H,0.66297
7228,8,H,0.66297
7231,8,H,0.52
7233,8,H,0.64575
7235,8,H,0.52
7237,8,H,0.52
7262,8,H,0.52
7264,8,H,0.52
561,8,H,0.52
7239,8,H,0.52
7241,8,H,0.45
551,8,H,0.6
552,8,H,0.6
7245,8,H,0.52
7257,8,H,0.56
7248,8,H,0.56
7255,8,H,0.52
7251,8,H,0.46925
7252,8,H,0.49
7254,8,H,0.61
7256,8,H,0.52
7258,8,H,0.52
7260,8,H,0.38
555,8,H,0.52
7268,8,H,0.52
7272,8,H,0.5538
7273,8,H,0.52
7275,8,H,0.46
7279,8,H,0.52
7280,8,H,0.52
7282,8,H,0.5616
882,8,H,0.52
7285,8,H,0.52
7286,8,H,0.52
7288,8,H,0.52
7290,8,H,0.52
7294,8,H,0.52
7295,8,H,0.52
7298,8,H,0.52
7299,8,H,0.52
7300,8,H,0.52
7302,8,H,0.52
7303,8,H,0.52
7305,8,H,0.52
7306,8,H,0.52
7307,8,H,0.59
7309,8,H,0.52
7313,8,H,0.48
7315,8,H,0.52
7317,8,H,0.52
571,8,H,0.53
7321,8,H,0.52
7327,8,H,0.52
581,8,H,0.42
582,8,H,0.42
583,8,H,0.42
7328,8,H,0.42
7329,8,H,0.52
7331,8,H,0.52
7330,8,H,0.52
7334,8,H,0.49
7335,8,H,0.52
7336,8,H,0.52
7341,8,H,0.52
7343,8,H,0.38
7344,8,H,0.38
7346,8,H,0.38
7347,8,H,0.52
7349,8,H,0.24
7368,8,H,0.28
7364,8,H,0.28
7366,8,H,0.52
7353,8,H,0.52
7354,8,H,0.52
7355,8,H,0.52
7357,8,H,0.52
7359,8,H,0.7706
7360,8,H,0.65
7370,8,H,0.65
7371,8,H,0.65
7372,8,H,0.65
7374,8,H,0.61
7377,8,H,0.48
7381,8,H,0.49
7384,8,H,0.48302
7385,8,H,0.48302
7386,8,H,0.48302
7387,8,H,0.48302
7388,8,H,0.48302
7391,8,H,0.48302
7392,8,H,0.48302
7389,8,H,0.48302
7393,8,H,0.4262
7397,8,H,0.4262
7401,8,H,0.4262
7402,8,H,0.4262
7403,8,H,0.52
7404,8,H,0.4262
7407,8,H,0.32
7408,8,H,0.4262
7409,8,H,0.52
7410,8,H,0.52
7412,8,H,0.52
7413,8,H,0.4262
883,8,H,0.52
7418,8,H,0.52
7420,8,H,0.52
7422,8,H,0.52
7427,8,H,0.4
7429,8,H,0.4
7430,8,H,0.4
7432,8,H,0.52
7433,8,H,0.52
7434,8,H,0.52
7438,8,H,0.52
7441,8,H,0.54
7453,8,H,0.48
7454,8,H,0.52
7455,8,H,0.52
7442,8,H,0.52
7445,8,H,0.52
7446,8,H,0.52
7448,8,H,0.985
7456,8,H,0.52
7457,8,H,0.52
7458,8,H,0.52
6438,8,H,0.5
7459,8,H,0.52
591,8,H,0.5
7460,8,H,0.48
7462,8,H,0.52
7463,8,H,0.52
7465,8,H,0.52
7469,8,H,0.52
7472,8,H,0.52
7470,8,H,0.52
7471,8,H,0.52
7474,8,H,0.52
7475,8,H,0.44
7477,8,H,0.71391
7479,8,H,0.52
7481,8,H,0.52
7482,8,H,0.52
7485,8,H,0.52
7487,8,H,0.52
7490,8,H,0.52
7491,8,H,0.52
7492,8,H,0.52
7493,8,H,0.52
8063,8,H,0.3309
6299,8,H,0.5
8064,8,H,0.3309
8079,8,H,0.3309
8456,8,H,0.64
6868,8,H,0.52
7953,8,H,0.52
8068,8,H,0.3309
8412,8,H,0.48
8062,8,H,0.3309
7338,8,H,0.59409
7664,8,H,0.87
8329,8,H,0.48
7428,8,H,0.4
8182,8,S,0.52
8066,8,H,0.3309
8070,8,H,0.3309
6859,8,H,0.52
8092,8,H,0.3309
6208,8,H,0.58
7126,8,H,0.39
6176,8,H,0.484
8752,8,H,0.50274
7319,8,H,0.23678
6778,8,H,0.5756
8722,8,H,0.52
8753,8,H,0.52
8069,8,H,0.3309
8553,8,H,0.418
6179,8,H,0.63284
8583,8,H,0.66
8559,8,H,0.41328
6974,8,H,0.48
8065,8,H,0.3309
7124,8,H,0.39
6849,8,H,0.5
8086,8,H,0.3309
6190,8,H,0.68
8430,8,H,0.643
6109,8,H,0.76649
8398,8,H,0.52
6570,8,H,0.58118
6160,8,H,0.52
7543,8,H,0.48
8586,8,H,0.32
6525,8,H,0.67
8225,8,H,0.57
8061,8,H,0.3309
6035,8,H,0.52
6981,8,H,0.48
6997,8,H,0.52
6185,8,H,0.68
8073,8,H,0.3309
8585,8,H,0.52
6381,8,H,0.72238
6863,8,H,0.5
7311,8,H,0.5363
6250,8,H,0.364
6200,8,H,0.53
8081,8,H,0.3309
6258,8,H,0.52
8082,8,H,0.3309
8080,8,H,0.3309
6935,8,H,0.715
6462,8,H,0.28
7878,8,H,0.5
8697,8,H,0.63284
8646,8,H,0.55
8695,8,H,0.63284
7123,8,H,0.39
6978,8,H,0.48
8349,8,H,0.52
8382,8,H,0.52
8527,8,H,0.429
7663,8,H,0.52
381,8,H,0.52
745,6,H,0.35
747,6,H,0.31
919,8,H,0.52
952,8,H,0.32
953,8,H,0.32
8178,8,H,0.52
8269,8,H,0.52
8487,9,H,0.6
8794,8,H,0.52
18,3,S,0.36
67,1,S,0.42
7466,8,H,0.52
143,10,S,0.43
144,4,S,0.43
334,8,H,0.33
7016,8,H,0.52
7770,8,H,0.32
7771,8,H,0.44
423,8,H,0.4
431,8,H,0.42
463,8,H,0.49
7068,8,H,0.52
808,9,H,0.59
324,8,H,0.47
325,8,H,0.47
335,8,H,0.33
6153,4,S,0.41
6856,8,H,0.52
6068,8,H,0.52
8971,8,H,0.52
8981,8,H,0.52
767,8,H,0.47
7085,8,H,0.52
369,8,H,0.51
390,8,H,0.52
539,8,H,0.51
759,8,H,0.47
6134,8,H,0.52
6404,8,H,0.52
7718,8,H,0.52
8677,8,H,0.52
8951,8,H,0.52
8961,8,H,0.52
7486,1,S,0.51
8803,8,H,0.52
8805,8,H,0.61
951,8,H,0.32
8813,8,H,0.32
8814,8,H,0.32
8806,8,H,0.55104
8800,8,H,0.55104
8807,8,H,0.55104
8809,8,H,0.55104
8810,8,H,0.55104
8815,8,H,0.52
8812,8,H,0.52
8816,8,H,0.52
251,3,S,0.41
252,3,S,0.41
8822,8,H,0.34
8824,8,H,0.47
8825,8,H,0.52
8827,8,H,0.32553
8828,8,H,0.52
8829,8,H,0.52
8831,8,H,0.34
8830,8,H,0.52
8821,8,H,0.52
994,8,H,0.52
8833,8,H,0.52
8834,8,H,0.52
8836,8,H,0.52
8838,8,H,0.32
8839,8,H,0.32
8842,8,H,0.52
8844,8,H,0.52
8846,8,H,0.57687
8848,8,H,0.52
261,3,S,0.38
262,3,S,0.41
263,3,S,0.42
264,3,S,0.42
8850,8,H,0.52
971,8,H,0.6
972,8,H,0.46
973,8,H,0.59
8862,8,H,0.54
8851,8,H,0.54
8852,8,H,0.54
974,8,H,0.54
975,8,H,0.48
976,8,H,0.54
977,8,H,0.57
981,8,H,0.51
8859,8,H,0.52
8853,8,H,0.52
8854,8,H,0.52
8855,8,H,0.52
8856,8,H,0.18
8857,8,H,0.18
8860,8,H,0.53
8861,8,H,0.52
995,8,H,0.52
8869,8,H,0.48216
8877,8,H,0.52
8878,8,H,0.52
8879,8,H,0.53
8880,8,H,0.52
8871,8,H,0.52
8872,8,H,0.65006
8873,8,H,0.52
7199,8,H,0.52
8874,8,H,0.52
8876,8,H,0.52
8881,8,H,0.52
8883,8,H,0.52
8885,8,H,0.52
8886,8,H,0.59
8887,8,H,0.52
8889,8,H,0.52
8890,8,H,0.52
8891,8,H,0.52
8892,8,H,0.52
8895,8,H,0.52
8896,8,H,0.52
8897,8,H,0.52
8898,8,H,0.52
8900,8,H,0.52
8901,8,H,0.52
8903,8,H,0.52521
8904,8,H,0.61131
8914,8,H,0.52
8906,8,H,0.52
8902,8,H,0.593
8907,8,H,0.593
8908,8,H,0.593
8909,8,H,0.593
8910,8,H,0.52
8912,8,H,0.52
8913,8,H,0.52
8916,8,H,0.52
982,8,H,0.52
8917,8,H,0.52
8918,8,H,0.52
8919,8,H,0.52
8942,8,H,0.52
8923,8,H,0.52
8924,8,H,0.52
8944,8,H,0.55
8925,8,H,0.6
8928,8,H,0.52
8929,8,H,0.6
8930,8,H,0.6
8931,8,H,0.52
8932,8,H,0.52
8933,8,H,0.6
8934,8,H,0.52
8935,8,H,0.52
8937,8,H,0.52
8938,8,H,0.52
7243,8,H,0.52
8939,8,H,0.52
7246,8,H,0.52
8940,8,H,0.52
8941,8,H,0.52
8943,8,H,0.52
8947,8,H,0.52
998,8,H,0.52
299,4,S,0.41
999,8,H,0.52
6943,8,H,0.71463
8087,8,H,0.3309
8703,8,H,0.63284
8071,8,H,0.3309
8863,8,H,0.55
8243,8,H,0.68705
7365,8,H,0.25
7191,8,H,0.48216
8059,8,H,0.3309
8621,8,H,0.52
7332,8,H,0.71
8083,8,H,0.3309
7086,8,H,0.73
7249,8,H,0.56
6769,8,H,0.76
6784,8,H,0.5756
7424,8,H,0.72755
8244,8,H,0.68705
8057,8,H,0.3309
8075,8,H,0.3309
8000,8,H,0.5
8866,8,H,0.48
6984,8,H,0.48
8103,8,H,0.65
7881,8,H,0.65
7750,8,H,0.4
6188,8,H,0.68
7333,8,H,0.52
7586,8,H,0.42
8911,8,H,0.593
7220,8,H,0.729
7705,8,H,0.39
6891,8,H,0.48
7017,8,H,0.42
7680,8,H,0.5
8308,8,H,0.57
8090,8,H,0.3309
8107,8,H,0.41
8532,8,H,0.7
6779,8,H,0.5756
7003,8,H,0.52
6729,8,H,0.474
6841,8,H,0.5
7666,8,H,0.87
7653,8,H,0.861
8755,8,H,0.39606
7902,8,H,0.44
7657,8,H,0.52521
